Citation,Country,URL,Site,Number of men,Number of women,Total farmers,GPS_N,GPS_E,GPS find method2,Row,Number,System,Adjusted system
"Wassena, F.J., Mbeho, A., Kimambo, A.E., Maass, B.L. and Lukuyu, B. 2013. Report of a livestock feed assessment in Mvomero District, Morogoro Region, the United Republic of Tanzania. Nairobi, Kenya: CIAT.",Tanzania,https://cgspace.cgiar.org/handle/10568/51750,Manyinga 2,9,6,15,-6.13308,37.62563,From Fred's excel sheet,4,1,  OTH,MRA
"Wassena, F.J., Mbeho, A., Kimambo, A.E., Maass, B.L. and Lukuyu, B. 2013. Report of a livestock feed assessment in Mvomero District, Morogoro Region, the United Republic of Tanzania. Nairobi, Kenya: CIAT.",Tanzania,https://cgspace.cgiar.org/handle/10568/51750,Wami Sokoine 1,10,6,16,-6.53892,37.56852,From Fred's excel sheet,5,1,  MRA,  MRA
"Wassena, F.J., Mbeho, A., Kimambo, A.E., Maass, B.L. and Lukuyu, B. 2013. Report of a livestock feed assessment in Mvomero District, Morogoro Region, the United Republic of Tanzania. Nairobi, Kenya: CIAT.",Tanzania,https://cgspace.cgiar.org/handle/10568/51750,Wami Sokoine 2,17,8,25,-6.53892,37.56852,From Fred's excel sheet,6,1,  MRA,  MRA
"Wassena, F.J., Mbeho, A., Kimambo, A.E., Maass, B.L. and Lukuyu, B. 2013. Report of a livestock feed assessment in Mvomero District, Morogoro Region, the United Republic of Tanzania. Nairobi, Kenya: CIAT.",Tanzania,https://cgspace.cgiar.org/handle/10568/51750,Manyinga 1,8,5,13,-6.13308,37.62563,From Fred's excel sheet,7,1,  OTH,MRA
"Hagos, T., GebreYohans, S., GebreMeskel, K., GebreYohanse, W., Zegey, T., Assfaw, M. and Wamatu, J. 2014. Using FEAST to characterize the farming and livestock production systems and the potential to enhance livestock productivity through improved feeding in Gebrekidan, Atsbi-Wonberta District, Tigray, Ethiopia. Addis Ababa, Ethiopia: ICARDA.",Ethiopia,https://cgspace.cgiar.org/handle/10568/35608,"Gebrekidan, Atsbi-Wonberta District, Tigray, Ethiopia", ,,20,14.00167,39.72528,in report,8,2,  MRA,  MRA
"Hagos, T., GebreYohans, S., GebreMeskel, K., GebreYohanse, W., Zegey, T., Assfaw, M. and Wamatu, J. 2014. Using FEAST to characterize the farming and livestock production systems and the potential to enhance livestock productivity through improved feeding in in Golgolnaele, Atsbi-Wonberta District, Tigray, Ethiopia. Addis Ababa, Ethiopia: ICARDA.",Ethiopia,https://cgspace.cgiar.org/handle/10568/35607,"Golgolnaele, Atsbi-Wonberta District, Tigray, Ethiopia ",12,8,20,13.88075,39.73555,in report,9,3,  MRA,  MRA
"Wondatir, Z. and Damtew, E. 2015. Assessment of livestock production system and feed resources availability in Hawassa Zuria district, Ethiopia: FEAST survey report. Nairobi, Kenya: ILRI.",Ethiopia,https://cgspace.cgiar.org/handle/10568/67272,"Hawassa Zuria district, Ethiopia - group 2", ,,15,7.05066,38.49641,Guessed from district name,10,4,  MRT,  MRT
"Wondatir, Z. and Damtew, E. 2015. Assessment of livestock production system and feed resources availability in Hawassa Zuria district, Ethiopia: FEAST survey report. Nairobi, Kenya: ILRI.",Ethiopia,https://cgspace.cgiar.org/handle/10568/67272,"Hawassa Zuria district, Ethiopia - group 1", ,,15,7.05066,38.49641,Guessed from district name,11,4,  MRT,  MRT
"Wassena, F.J., Mbeho, A., Maass, B.L., Lukuyu, B. and Kimambo, A.E. 2013. Report of a livestock feed assessment in Kilosa District, Morogoro Region, the United Republic of Tanzania. Nairobi, Kenya: CIAT",Tanzania,https://cgspace.cgiar.org/handle/10568/51749,"Mbwade 2, Kilosa District, Morogoro Region, the United Republic of Tanzania",8,3,11,-6.76155,37.18525,From Fred's excel sheet,12,5,  MRA,  MRA
"Wassena, F.J., Mbeho, A., Maass, B.L., Lukuyu, B. and Kimambo, A.E. 2013. Report of a livestock feed assessment in Kilosa District, Morogoro Region, the United Republic of Tanzania. Nairobi, Kenya: CIAT",Tanzania,https://cgspace.cgiar.org/handle/10568/51749,"Twatwatwa 2, Kilosa District, Morogoro Region, the United Republic of Tanzania",7,4,11,-6.75592,37.3105,From Fred's excel sheet,13,5,  MRA,  MRA
"Wassena, F.J., Mbeho, A., Maass, B.L., Lukuyu, B. and Kimambo, A.E. 2013. Report of a livestock feed assessment in Kilosa District, Morogoro Region, the United Republic of Tanzania. Nairobi, Kenya: CIAT",Tanzania,https://cgspace.cgiar.org/handle/10568/51749,"Mbwade 1, Kilosa District, Morogoro Region, the United Republic of Tanzania",7,5,12,-6.76155,37.18525,From Fred's excel sheet,14,5,  MRA,  MRA
"Wassena, F.J., Mbeho, A., Maass, B.L., Lukuyu, B. and Kimambo, A.E. 2013. Report of a livestock feed assessment in Kilosa District, Morogoro Region, the United Republic of Tanzania. Nairobi, Kenya: CIAT",Tanzania,https://cgspace.cgiar.org/handle/10568/51749,"Twatwatwa 1, Kilosa District, Morogoro Region, the United Republic of Tanzania",5,7,12,-6.75592,37.3105,From Fred's excel sheet,15,5,  MRA,  MRA
"Mekonnen, A., Mengistu, S., Woldi, S., Abiso, T. and Wamatu, J. 2014. Using FEAST to characterize the farming and livestock production systems and the potential to enhance livestock productivity through improved feeding in Bekafa, Doyogena District, Southern Ethiopia. Addis Ababa, Ethiopia: ICARDA.",Ethiopia,https://cgspace.cgiar.org/handle/10568/35609,"Bekafa, Doyogena District, Southern Ethiopia",15,4,19,7.4095,37.8227,eyeballed roughly from Google Maps,16,6,  MRT,  MRT
"Mekonnen, A., Mengistu, S., Woldi, S., Abiso, T. and Wamatu, J. 2014. Using FEAST to characterize the farming and livestock production systems and the potential to enhance livestock productivity through improved feeding in Serera, Doyogena District, Southern Ethiopia. Addis Ababa, Ethiopia: ICARDA.",Ethiopia,https://cgspace.cgiar.org/handle/10568/35612,"Serera, Doyogena District, Southern Ethiopia",20,2,22,7.3004,37.7977,eyeballed roughly from Google Maps,17,7,  MRT,  MRT
"Hagos, T., GebreYohans, S., GebreMeskel, K., GebreYohanse, W., Zegey, T., Assfaw, M. and Wamatu, J. 2014. Using FEAST to characterize the farming and livestock production systems and the potential to enhance livestock productivity through improved feeding in Habess, Atsbi-Wonberta District, Tigray, Ethiopia. Addis Ababa, Ethiopia: ICARDA.",Ethiopia,https://cgspace.cgiar.org/handle/10568/35613,"Habess, Atsbi-Wonberta District, Tigray, Ethiopia. Addis Ababa, Ethiopia", ,,20,13.81122,39.68834,in report,18,8,  MRA,  MRA
"Babayemi, O.J., Samireddypalle, A., Sosina, A.O., Ayantunde, A.A., Okike, I. and Duncan, A.J. 2014. Characterization of the farming and livestock production systems using the feed assessment tool (FEAST) in selected local government areas of Osun state, Nigeria. Nairobi, Kenya: ILRI.",Nigeria,https://cgspace.cgiar.org/handle/10568/65212,"Ife East, Osun state, Nigeria", ,,15,7.43,5,eyeballed roughly from Google Maps,19,9,  MRH,  MRH
"Babayemi, O.J., Samireddypalle, A., Sosina, A.O., Ayantunde, A.A., Okike, I. and Duncan, A.J. 2014. Characterization of the farming and livestock production systems using the feed assessment tool (FEAST) in selected local government areas of Osun state, Nigeria. Nairobi, Kenya: ILRI.",Nigeria,https://cgspace.cgiar.org/handle/10568/65212,"Iwo, Osun state, Nigeria", ,,15,7.63,4.19,eyeballed roughly from Google Maps,20,9,  MRH,  MRH
"Babayemi, O.J., Samireddypalle, A., Sosina, A.O., Ayantunde, A.A., Okike, I. and Duncan, A.J. 2014. Characterization of the farming and livestock production systems using the feed assessment tool (FEAST) in selected local government areas of Osun state, Nigeria. Nairobi, Kenya: ILRI.",Nigeria,https://cgspace.cgiar.org/handle/10568/65212,"Atukmosa West, Osun state, Nigeria", ,,15,7.54,4.67,eyeballed roughly from Google Maps,21,9,  MRH,  MRH
"Babayemi, O.J., Samireddypalle, A., Sosina, A.O., Ayantunde, A.A., Okike, I. and Duncan, A.J. 2014. Characterization of the farming and livestock production systems using the feed assessment tool (FEAST) in selected local government areas of Osun state, Nigeria. Nairobi, Kenya: ILRI.",Nigeria,https://cgspace.cgiar.org/handle/10568/65212,"Ayedire, Osun state, Nigeria", ,,15,7.57,4.24,eyeballed roughly from Google Maps,22,9,  URB,MRH
"Babayemi, O.J., Samireddypalle, A., Sosina, A.O., Ayantunde, A.A., Okike, I. and Duncan, A.J. 2014. Characterization of the farming and livestock production systems using the feed assessment tool (FEAST) in selected local government areas of Osun state, Nigeria. Nairobi, Kenya: ILRI.",Nigeria,https://cgspace.cgiar.org/handle/10568/65212,"Atukmosa East, Osun state, Nigeria", ,,15,7.47,4.79,eyeballed roughly from Google Maps,23,9,  MRH,  MRH
"Mangesho, W.E., Loina, R., Bwire, J., Maass, B.L., Lukuyu, B. and Wassena, F.J. 2013. Report of a livestock feed assessment in Lushoto District, Tanga region, the United Republic of Tanzania. Nairobi, Kenya: CIAT.",Tanzania,https://cgspace.cgiar.org/handle/10568/51747,"Mbuzii-B, Lushoto District, Tanga region, the United Republic of Tanzania",13,6,19,-4.85722,38.34227,From Fred's excel sheet,24,10,  OTH,MRH
"Mangesho, W.E., Loina, R., Bwire, J., Maass, B.L., Lukuyu, B. and Wassena, F.J. 2013. Report of a livestock feed assessment in Lushoto District, Tanga region, the United Republic of Tanzania. Nairobi, Kenya: CIAT.",Tanzania,https://cgspace.cgiar.org/handle/10568/51747,"Ubiri-Kiguzu, Lushoto District, Tanga region, the United Republic of Tanzania",16,5,21,-4.82997,38.31958,From Fred's excel sheet,25,10,  OTH,MRH
"Mangesho, W.E., Loina, R., Bwire, J., Maass, B.L., Lukuyu, B. and Wassena, F.J. 2013. Report of a livestock feed assessment in Lushoto District, Tanga region, the United Republic of Tanzania. Nairobi, Kenya: CIAT.",Tanzania,https://cgspace.cgiar.org/handle/10568/51747,"Ubiri-Bangui, Lushoto District, Tanga region, the United Republic of Tanzania",12,6,18,-4.82997,38.31958,From Fred's excel sheet,26,10,  OTH,MRH
"Mangesho, W.E., Loina, R., Bwire, J., Maass, B.L., Lukuyu, B. and Wassena, F.J. 2013. Report of a livestock feed assessment in Lushoto District, Tanga region, the United Republic of Tanzania. Nairobi, Kenya: CIAT.",Tanzania,https://cgspace.cgiar.org/handle/10568/51747,"Mbuzii-A , Lushoto District, Tanga region, the United Republic of Tanzania",11,9,20,-4.85722,38.34227,From Fred's excel sheet,27,10,  OTH,MRH
"Babayemi, O.J., Samireddypalle, A., Sosina, A.O., Ayantunde, A.A., Okike, I. and Duncan, A.J. 2014. Characterization of the farming and livestock production systems using the feed assessment tool (FEAST) in selected local government areas of Oyo state, Nigeria. Nairobi, Kenya: ILRI.",Nigeria,https://cgspace.cgiar.org/handle/10568/65211,"Iddo, Oyo state, Nigeria", ,,15,7.51,3.72,eyeballed roughly from Google Maps,28,11,  MRH,  MRH
"Babayemi, O.J., Samireddypalle, A., Sosina, A.O., Ayantunde, A.A., Okike, I. and Duncan, A.J. 2014. Characterization of the farming and livestock production systems using the feed assessment tool (FEAST) in selected local government areas of Oyo state, Nigeria. Nairobi, Kenya: ILRI.",Nigeria,https://cgspace.cgiar.org/handle/10568/65211,"Ibarapa East, Oyo state, Nigeria", ,,15,7.61,3.49,eyeballed roughly from Google Maps,29,11,  MRH,  MRH
"Babayemi, O.J., Samireddypalle, A., Sosina, A.O., Ayantunde, A.A., Okike, I. and Duncan, A.J. 2014. Characterization of the farming and livestock production systems using the feed assessment tool (FEAST) in selected local government areas of Oyo state, Nigeria. Nairobi, Kenya: ILRI.",Nigeria,https://cgspace.cgiar.org/handle/10568/65211,"Ori Ire, Oyo state, Nigeria", ,,15,8.37,4.17,eyeballed roughly from Google Maps,30,11,  LGH,  LGH
"Babayemi, O.J., Samireddypalle, A., Sosina, A.O., Ayantunde, A.A., Okike, I. and Duncan, A.J. 2014. Characterization of the farming and livestock production systems using the feed assessment tool (FEAST) in selected local government areas of Oyo state, Nigeria. Nairobi, Kenya: ILRI.",Nigeria,https://cgspace.cgiar.org/handle/10568/65211,"Ogo- Oluwa, Oyo state, Nigeria", ,,15,7.98,4.21,eyeballed roughly from Google Maps,31,11,  LGH,  LGH
"International Livestock Research Institute. 2014. Prioritizing feed technologies with FEAST in four districts of Karnatka State in India: Contribution to the GoK-CGIAR Initiative—Improving rural livelihoods through innovative scaling up of science-led participatory research for development in Karnataka. Nairobi, Kenya: ILRI",India,https://cgspace.cgiar.org/handle/10568/65234,"Tumkur, Karnataka State in India",40,0,40,13.345,77.1089,eyeballed roughly from Google Maps,32,12,  MIA,  MIA
"International Livestock Research Institute. 2014. Prioritizing feed technologies with FEAST in four districts of Karnatka State in India: Contribution to the GoK-CGIAR Initiative—Improving rural livelihoods through innovative scaling up of science-led participatory research for development in Karnataka. Nairobi, Kenya: ILRI",India,https://cgspace.cgiar.org/handle/10568/65234,"Raichur, Karnataka State in India",55,0,55,16.2097,77.357,eyeballed roughly from Google Maps,33,12,  MRA,  MRA
"International Livestock Research Institute. 2014. Prioritizing feed technologies with FEAST in four districts of Karnatka State in India: Contribution to the GoK-CGIAR Initiative—Improving rural livelihoods through innovative scaling up of science-led participatory research for development in Karnataka. Nairobi, Kenya: ILRI",India,https://cgspace.cgiar.org/handle/10568/65234,"Bijapur, Karnataka State in India",46,12,58,16.7902,75.9853,eyeballed roughly from Google Maps,34,12,  MRA,  MRA
"International Livestock Research Institute. 2014. Prioritizing feed technologies with FEAST in four districts of Karnatka State in India: Contribution to the GoK-CGIAR Initiative—Improving rural livelihoods through innovative scaling up of science-led participatory research for development in Karnataka. Nairobi, Kenya: ILRI",India,https://cgspace.cgiar.org/handle/10568/65234,"Chikmagalur, Karnataka State in India",32,0,32,13.3195,75.7737,eyeballed roughly from Google Maps,35,12,  OTH,MRA
"Addisu, A., Solomon, M., Solomon, A., Fantahun, D., Wamatu, J., Thorpe, W. and Duncan, A.J. 2012. Characterization of the farming and livestock production systems and the potential to enhance productivity through improved feeding in Adama and Arsi Negelle Districts, Ethiopia. Nairobi, Kenya: ILRI.",Ethiopia,https://cgspace.cgiar.org/handle/10568/24733,"Kechema, Adama District, Ethiopia",15,5,20,8.5849,39.2186,eyeballed roughly from Google Maps,36,13,  MRA,  MRA
"Addisu, A., Solomon, M., Solomon, A., Fantahun, D., Wamatu, J., Thorpe, W. and Duncan, A.J. 2012. Characterization of the farming and livestock production systems and the potential to enhance productivity through improved feeding in Adama and Arsi Negelle Districts, Ethiopia. Nairobi, Kenya: ILRI.",Ethiopia,https://cgspace.cgiar.org/handle/10568/24733,"Ali-Weyo, Arsi Negelle, Ethiopia",15,7,22,7.4085,38.6614,eyeballed roughly from Google Maps,38,13,     ,MRT
"Addisu, A., Solomon, M., Solomon, A., Fantahun, D., Wamatu, J., Thorpe, W. and Duncan, A.J. 2012. Characterization of the farming and livestock production systems and the potential to enhance productivity through improved feeding in Adama and Arsi Negelle Districts, Ethiopia. Nairobi, Kenya: ILRI.",Ethiopia,https://cgspace.cgiar.org/handle/10568/24733,"Kersa-Ilala, Arsi Negelle, Ethiopia",15,5,20,7.2915,38.675,eyeballed roughly from Google Maps,39,13,  MRT,  MRT
"Mekonnen, A., Tessema, F., Mulugeta, M., Mengistu, S., Wolde, S. and Abiso, T. 2014. Characterization of the farming and livestock production systems and the potentials to enhance productivity through improved feeding in Lemo district, Ethiopia. Nairobi, Kenya: ILRI.",Ethiopia,https://cgspace.cgiar.org/handle/10568/56931,"Jawe, Lemo district, Ethiopia.",12,5,17,7.50237,37.80222,From Aberra,40,14,  MRT,  MRT
"Mekonnen, A., Tessema, F., Mulugeta, M., Mengistu, S., Wolde, S. and Abiso, T. 2014. Characterization of the farming and livestock production systems and the potentials to enhance productivity through improved feeding in Lemo district, Ethiopia. Nairobi, Kenya: ILRI.",Ethiopia,https://cgspace.cgiar.org/handle/10568/56931,"Upper Gana, Lemo district, Ethiopia.",12,7,19,7.57453,37.76887,From Aberra,41,14,  MRT,  MRT
"Kebede, G., Ayalew, L., Feyissa, F., Kitaw, G., Wamatu, J., Thorpe, W. and Duncan, A.J. 2012. Characterization of the farming and livestock production systems and the potential to enhance productivity through improved feeding in Wolmera and Wuchale Districts, Ethiopia. Nairobi, Kenya: ILRI.",Ethiopia,https://cgspace.cgiar.org/handle/10568/24740,"Berfeta Tokofa, Wolmera and Wuchale Districts, Ethiopia",8,5,13,9.02472,38.51203,in report,42,15,  MRT,  MRT
"Kebede, G., Ayalew, L., Feyissa, F., Kitaw, G., Wamatu, J., Thorpe, W. and Duncan, A.J. 2012. Characterization of the farming and livestock production systems and the potential to enhance productivity through improved feeding in Wolmera and Wuchale Districts, Ethiopia. Nairobi, Kenya: ILRI.",Ethiopia,https://cgspace.cgiar.org/handle/10568/24740,"Rob Gebeya, Wolmera and Wuchale Districts, Ethiopia",11,2,13,9.158368,36.922071,in report,43,15,  MRT,  MRT
"Kebede, G., Ayalew, L., Feyissa, F., Kitaw, G., Wamatu, J., Thorpe, W. and Duncan, A.J. 2012. Characterization of the farming and livestock production systems and the potential to enhance productivity through improved feeding in Wolmera and Wuchale Districts, Ethiopia. Nairobi, Kenya: ILRI.",Ethiopia,https://cgspace.cgiar.org/handle/10568/24740,Mechela Wertu ,11,3,14,9.57083,38.89772,in report,44,15,  MRT,  MRT
"Kebede, G., Ayalew, L., Feyissa, F., Kitaw, G., Wamatu, J., Thorpe, W. and Duncan, A.J. 2012. Characterization of the farming and livestock production systems and the potential to enhance productivity through improved feeding in Wolmera and Wuchale Districts, Ethiopia. Nairobi, Kenya: ILRI.",Ethiopia,https://cgspace.cgiar.org/handle/10568/24740,Bosoqa Jate,10,3,13,9.02472,38.51203,in report,45,15,  MRT,  MRT
"York, L. 2010. Characterisation of the livestock production system and potential for enhancing productivity through improved feeding in Amoni Division, Mweiga District, Central Kenya, May 2010. Nairobi, Kenya: ILRI.",Kenya,https://cgspace.cgiar.org/handle/10568/16529,"Amoni Division, Mweiga District, Central Kenya", ,,3,-0.3426,36.9222,eyeballed roughly from Google Maps,46,16,  MRT,  MRT
"Gizaw, S., Aschalew. T., Lemma, W., Beneberu, T., Shenkute, G., Wamatu, J., Thorpe, W. and Duncan, A.J. 2012. Characterization of the farming and livestock production systems and the potentials to enhance productivity through improved feeding in the Subalpine Highlands of Amhara region, Ethiopia. Nairobi, Kenya: ILRI.",Ethiopia,https://cgspace.cgiar.org/handle/10568/24732,"Angolela-Tera, Subalpine Highlands of Amhara region, Ethiopia", ,,15,9.32,39.27,in report,47,17,  MRT,  MRT
"Gizaw, S., Aschalew. T., Lemma, W., Beneberu, T., Shenkute, G., Wamatu, J., Thorpe, W. and Duncan, A.J. 2012. Characterization of the farming and livestock production systems and the potentials to enhance productivity through improved feeding in the Subalpine Highlands of Amhara region, Ethiopia. Nairobi, Kenya: ILRI.",Ethiopia,https://cgspace.cgiar.org/handle/10568/24732,"Menz-Gera-Gera, Subalpine Highlands of Amhara region, Ethiopia", ,,15,10.24,39.44,in report,48,17,  MRT,  MRT
"York, L. 2010. Characterisation of the livestock production system and potential for enhancing productivity through improved feeding in Dembi Kurkura Ada’a, Ethiopia, April 2010. Nairobi, Kenya: ILRI.",Ethiopia,https://cgspace.cgiar.org/handle/10568/16526,"Ude, Ada’a, Ethiopia", ,,6,8.66667,39.04167,Guessed from https://onlinelibrary.wiley.com/doi/full/10.1111/gcbb.12459,49,18,  MRT,  MRT
"York, L. 2010. Characterisation of the livestock production system and potential for enhancing productivity through improved feeding in Sebusaray woreda of Baako, Ethiopia, May 2010. Nairobi, Kenya: ILRI.",Ethiopia,https://cgspace.cgiar.org/handle/10568/16524,"Sibu sire woreda of Baako, Ethiopia", ,,3,9.0775,36.8317,eyeballed woreda roughly from Google Maps,50,19,  MRT,  MRT
"Lukuyu, B., Kugonza, J., Wabwire, R. and Baltenweck, I. 2011. Characterisation of the livestock production system and potential for enhancing productivity through improved feeding at Namayumba, Wakiso district of Uganda, March 2011. Nairobi, Kenya: ILRI.",Uganda,https://cgspace.cgiar.org/handle/10568/16527,"Namayumba, Wakiso district of Uganda", ,,10,0.5279,32.2503,eyeballed roughly from Google Maps,51,20,  MRH,  MRH
"York, L. 2010. Characterisation of the livestock production system and potential for enhancing productivity through improved feeding in Ol-Kalaou division, Kieni West district, Kenya, May 2010. Nairobi, Kenya: ILRI.",Kenya,https://cgspace.cgiar.org/handle/10568/16531,"Ol-Kalaou division, Kieni West district, Kenya", ,,3,-0.273,36.3775,eyeballed roughly from Google Maps,52,21,  OTH,MRT
"Kugonza, J., Wabwire, R., Lutakome, P., Lukuyu, B. and Kirui, J. 2012. Characterisation of the livestock production system and potential for enhancing productivity through improved feeding in Kinyogoga Dairy Farmers Association in Nakaseke district, Uganda. Nairobi, Kenya: East Africa Dairy Development Project (EADD).",Uganda,https://cgspace.cgiar.org/handle/10568/17224,"Nakaseke district, Uganda", ,,10,1.1054,32.156,eyeballed district name on google maps,53,24,  MRH,  MRH
"Kugonza, J., Wabwire, R., Lutakome, P., Lukuyu, B. and Kirui, J. 2012. Characterisation of the livestock production system and potential for enhancing productivity through improved feeding in Kiryandongo Dairy Farmers Business Association in Kiryandongo district of Uganda. Nairobi, Kenya: East Africa Dairy Development Project (EADD).",Uganda,https://cgspace.cgiar.org/handle/10568/17217,Kiryandongo district of Uganda, ,,10,1.9828,32.0662,eyeballed district name on google maps,54,25,  OTH,MRH
"Kugonza, J., Wabwire, R., Lutakome, P., Lukuyu, B. and Kirui, J. 2012. Characterisation of the livestock production system and potential for enhancing productivity through improved feeding in Kijunjubwa, Masindi district of Uganda . Nairobi, Kenya: East Africa Dairy Development Project (EADD).",Uganda,https://cgspace.cgiar.org/handle/10568/17221,"Kijunjubwa, Masindi district of Uganda", ,,10,1.6842,31.717,eyeballed district name on google maps,55,26,  MRH,  MRH
"Kugonza, J., Wabwire, R., Lutakome, P., Lukuyu, B. and Kirui, J. 2012. Characterisation of the livestock production system and potential for enhancing productivity through improved feeding at Mitala Maria in Mpigi district of Uganda. Nairobi, Kenya: East Africa Dairy Development Project (EADD).",Uganda,https://cgspace.cgiar.org/handle/10568/17228,Mitala Maria in Mpigi district, ,,10,0.0792,32.1218,eyeballed roughly from Google Maps,56,27,  MRH,  MRH
"York, L. 2010. Characterisation of the livestock production system and potential for enhancing productivity through improved feeding in Rangareddy district, India, September 2010. Nairobi, Kenya: ILRI.",India,https://cgspace.cgiar.org/handle/10568/16530,Rangareddy district, ,,3,17.258,78.3913,eyeballed district capital (Shamshabad) on google maps,57,28,  URB,MRA
"Kugonza, J., Wabwire, R., Lutakome, P., Lukuyu, B. and Kirui, J. 2012. Characterisation of the livestock production system and potential for enhancing productivity through improved feeding in Luwero Dairy Farmers Association in Luwero district of Uganda. Nairobi, Kenya: East Africa Dairy Development Project (EADD).",Uganda,https://cgspace.cgiar.org/handle/10568/17213,Luwero, ,,10,0.8429,32.4933,eyeballed district name on google maps,58,29,  MRH,  MRH
"Lukuyu, B., Kugonza, J., Wabwire, R. and Baltenweck, I. 2012. Characterisation of the livestock production system and potential for enhancing productivity through improved feeding at Namayumba, Wakiso district of Uganda. Nairobi, Kenya: East Africa Dairy Development Project (EADD).",Uganda,https://cgspace.cgiar.org/handle/10568/17229,"Namayumba, Wakiso district", ,,10,0.528,32.2501,eyeballed roughly from Google Maps,59,30,  MRH,  MRH
"Kugonza, J., Wabwire, R., Lutakome, P., Lukuyu, B. and Kirui, J. 2012. Characterisation of the livestock production system and potential for enhancing productivity through improved feeding in Masaka TM in Masaka district of Uganda. Nairobi, Kenya: East Africa Dairy Development Project (EADD).",Uganda,https://cgspace.cgiar.org/handle/10568/17227,Masaka TM in Masaka district, ,,10,-0.3738,31.7152,eyeballed Gulama masaka on google maps,60,31,  MRH,  MRH
"Kugonza, J., Wabwire, R., Lutakome, P., Lukuyu, B. and Kirui, J. 2012. Characterisation of the livestock production system and potential for enhancing productivity through improved feeding in Nabitanga, Sembabule district, Uganda. Nairobi, Kenya: East Africa Dairy Development Project (EADD).",Uganda,https://cgspace.cgiar.org/handle/10568/17248,"Nabitanga, Sembabule district", ,,10,-0.02,31.1273,eyeballed nabitanga uganda,61,32,  MRH,  MRH
"Kugonza, J., Wabwire, R., Lutakome, P., Lukuyu, B. and Kirui, J. 2012. Characterisation of the livestock production system and potential for enhancing productivity through improved feeding in Dairy Farmers Business Associations (DFBAs) in Jinja district of Uganda. Nairobi, Kenya: East Africa Dairy Development Project (EADD).",Uganda,https://cgspace.cgiar.org/handle/10568/17205,Jinja district, ,,10,0.4468,33.2036,eyeballed district name on google maps,62,33,  MRH,  MRH
"Lukuyu, B., Kugonza, J., Wabwire, R. and Baltenweck, I. 2012. Characterisation of the livestock production system and potential for enhancing productivity through improved feeding in Bbaale, Uganda. Nairobi, Kenya: East Africa Dairy Development Project (EADD).",Uganda,https://cgspace.cgiar.org/handle/10568/17207,Bbaale, ,,10,1.0966,32.8869,eyeballed district capital name on google maps,63,35,  MRH,  MRH
"Kugonza, J., Wabwire, R., Lutakome, P., Lukuyu, B. and Kirui, J. 2012. Characterisation of the livestock production system and potential for enhancing productivity through improved feeding in Kasawo Dairy Farmers Association in Mukono district of Uganda. Nairobi, Kenya: East Africa Dairy Development Project (EADD).",Uganda,https://cgspace.cgiar.org/handle/10568/17206,Mukono district, ,,10,0.3569,32.7521,eyeballed district name on google maps,64,36,  URB,MRH
"Kugonza, J., Wabwire, R., Lutakome, P., Lukuyu, B. and Kirui, J. 2012. Characterisation of the livestock production system and potential for enhancing productivity through improved feeding in Kiboga West Dairy Farmers Business Association, Kyankwanzi district, Uganda. Nairobi, Kenya: East Africa Dairy Development Project (EADD).",Uganda,https://cgspace.cgiar.org/handle/10568/17225,Kyankwanzi district, ,,10,1.1504,31.6638,eyeballed district name on google maps,65,37,  OTH,MRH
"Duressa, D., Kenea, D., Keba, W., Desta, Z., Berki, G., Leta, G. and Tolera, A. 2014. Assessment of livestock production system and feed resources availability in three villages of Diga district Ethiopia. Nairobi, Kenya: ILRI.",Ethiopia,https://cgspace.cgiar.org/handle/10568/56901,Diga district - Humbo village,9,6,15,9.03333,36.28686,in report,66,38,  MRH,  MRH
"Duressa, D., Kenea, D., Keba, W., Desta, Z., Berki, G., Leta, G. and Tolera, A. 2014. Assessment of livestock production system and feed resources availability in three villages of Diga district Ethiopia. Nairobi, Kenya: ILRI.",Ethiopia,https://cgspace.cgiar.org/handle/10568/56901,Diga district - Dembi village,9,6,15,9.05,36.28333,in report,67,38,  MRH,  MRH
"Duressa, D., Kenea, D., Keba, W., Desta, Z., Berki, G., Leta, G. and Tolera, A. 2014. Assessment of livestock production system and feed resources availability in three villages of Diga district Ethiopia. Nairobi, Kenya: ILRI.",Ethiopia,https://cgspace.cgiar.org/handle/10568/56901,Diga district - Dapo village,9,6,15,9.04044,36.26297,in report,68,38,  MRH,  MRH
"Duncan, A.J., Jarial, S. and Bisht, Y. 2009. Characterisation of the livestock production system and potential for enhancing productivity through improved feeding in Uttarakhand, India, December 2009. Nairobi, Kenya: ILRI.",India,https://cgspace.cgiar.org/handle/10568/16523,"Uttarakhand State: Footsil, Ganora, Dungari, Siroli, Kameda, Senti villages", ,,,29.9597254,78.6199946,eyeballed district name on google maps,69,39,     ,     
"Hagos, T., Tesfay, T., Wayu, S., Atsbha, T., Yikaalo, T., Zeberh, T., Teshale, T., Ebrahim, M. and Wamatu, J. 2014. Characterization of the farming and livestock production systems and the potential to enhance livestock productivity through improved feeding in Tsibet, EndaMehoni District, Ethiopia. Nairobi, Kenya: International Livestock Research Institute.",Ethiopia,https://cgspace.cgiar.org/handle/10568/51609,"Tsibet, EndaMehoni District",13,7,20,12.83766667,39.51027778,From Aberra,70,40,  MRT,  MRT
"Deresse, A., Assefa, T., Wondatir, Z., Seifu, T., Negassa, J., Adie, A. and Tolera, A. 2014. Assessment of livestock production system and feed resources availability at Melka watershed, Jeldu district, Ethiopia. Nairobi, Kenya: ILRI.",Ethiopia,https://cgspace.cgiar.org/handle/10568/56928,"Melka watershed, Jeldu district  - Dini village",9,6,15,9.26525,38.08178,in report but not village specific,71,41,  MRT,  MRT
"Deresse, A., Assefa, T., Wondatir, Z., Seifu, T., Negassa, J., Adie, A. and Tolera, A. 2014. Assessment of livestock production system and feed resources availability at Melka watershed, Jeldu district, Ethiopia. Nairobi, Kenya: ILRI.",Ethiopia,https://cgspace.cgiar.org/handle/10568/56928,"Melka watershed, Jeldu district - Abeyi village",9,6,15,9.26525,38.08178,in report,72,41,  MRT,  MRT
"Deresse, A., Assefa, T., Wondatir, Z., Seifu, T., Negassa, J., Adie, A. and Tolera, A. 2014. Assessment of livestock production system and feed resources availability at Melka watershed, Jeldu district, Ethiopia. Nairobi, Kenya: ILRI.",Ethiopia,https://cgspace.cgiar.org/handle/10568/56928,"Melka watershed, Jeldu district - Bore’a village",9,6,15,9.26525,38.08178,in report,73,41,  MRT,  MRT
"Wondatir, Z., Adie, A. and Duncan, A.J. 2015. Assessment of livestock production and feed resources at Kerekicho, Angacha district, Ethiopia. Nairobi, Kenya: ILRI.",Ethiopia,https://cgspace.cgiar.org/handle/10568/56990,"Kerekicho, Angacha district - Mehal Kerekicho sub-village ", ,,15,7.36306,38.85,in report,74,42,  MRT,  MRT
"Wondatir, Z., Adie, A. and Duncan, A.J. 2015. Assessment of livestock production and feed resources at Kerekicho, Angacha district, Ethiopia. Nairobi, Kenya: ILRI.",Ethiopia,https://cgspace.cgiar.org/handle/10568/56990,"Kerekicho, Angacha district - Gutoso sub-village ", ,,15,7.36306,38.85,in report,75,42,  MRT,  MRT
"Wondatir, Z., Adie, A. and Duncan, A.J. 2015. Assessment of livestock production and feed resources at Kerekicho, Angacha district, Ethiopia. Nairobi, Kenya: ILRI.",Ethiopia,https://cgspace.cgiar.org/handle/10568/56990,"Kerekicho, Angacha district - Abiy sub-village ", ,,15,7.36306,38.85,in report,76,42,  MRT,  MRT
"Abate, D., Tassew, B., Zeleke, A., Kedu, A. and Wamatu, J. 2014. Characterization of the farming and livestock production systems and the potential to enhance livestock productivity through improved feeding in Alloshe, Goba District, Bale Highlands, Ethiopia. Nairobi, Kenya: International Livestock Research Institute.",Ethiopia,https://cgspace.cgiar.org/handle/10568/51618,"Alloshe, Goba District, Bale Highlands",12,4,16,7.00617,40.02392,in report,77,43,  MRT,  MRT
"Wafula, S., Kirui, J. and Lukuyu, B. 2015. Characterization of the livestock production systems and the potential of feed-based interventions for improving livestock productivity in Ol’lessos Division of Nandi County (Kenya). Nairobi: EADD Project.",Kenya,https://cgspace.cgiar.org/handle/10568/68813,Ol’lessos Division of Nandi County,25,17,42,0.17855,35.30906667,in report,78,44,  MRT,  MRT
"Wafula, S., Kirui, J. and Lukuyu, B. 2015. Characterization of the livestock production systems and the potential of feed-based interventions for improving livestock productivity in Kosirai Division of Nandi County (Kenya). Nairobi: EADD Project.",Kenya,https://cgspace.cgiar.org/handle/10568/68814,Kosirai Division of Nandi County (Kenya),29,19,48,0.32255,35.16983333,in report,79,45,  MRT,  MRT
"Wafula, S., Kirui, J. and Lukuyu, B. 2015. Characterization of the livestock production systems and the potential of feed-based interventions for improving livestock productivity in Longisa Division, Bomet County (Kenya). Nairobi: EADD Project.",Kenya,https://cgspace.cgiar.org/handle/10568/68811,"Longisa Division, Bomet County (Kenya)",25,13,38,-0.756767,35.1036,in report,80,46,  MRT,  MRT
"Wafula, S., Kirui, J. and Lukuyu, B.A. 2015. Characterization of the livestock production systems and the potential of feed-based interventions for improving livestock productivity in Cheborgei, Roret and Buret Division in Kericho County (Kenya). Nairobi: EADD Project.",Kenya,https://cgspace.cgiar.org/handle/10568/68821,"Cheborgei, Roret and Buret Division in Kericho County (Kenya)",25,15,40,-0.545617,35.1036,in report,81,47,  MRT,  MRT
"Wafula, S., Kirui, J. and Lukuyu, B. 2015. Characterization of livestock production systems and the potential of feed-based interventions for improving livestock productivity in Konoin Division Bomet County (Kenya). Nairobi: EADD Project.",Kenya,https://cgspace.cgiar.org/handle/10568/68815,Konoin Division Bomet County (Kenya),23,18,41,-0.6074842,35.2538659,eyeballed from map in report,82,48,     ,     
"Wafula, S., Kirui, J. and Lukuyu, B. 2015. Characterization of the livestock production systems and the potential of feed-based interventions for improving livestock productivity in Ainabkoi and Kesses Divisions of Uasin Gishu (Kenya). Nairobi: EADD Project.",Kenya,https://cgspace.cgiar.org/handle/10568/68810,Ainabkoi and Kesses Divisions of Uasin Gishu (Kenya),23,17,40,0.1894227,35.5286084,in report,83,49,     ,MRH
"Wafula, S., Kirui, J. and Lukuyu, B. 2015. Characterization of livestock production systems and the potential of feed-based interventions for improving livestock productivity in Soy Division, Uasin Gishu County (Kenya). Nairobi: EADD Project.",Kenya,https://cgspace.cgiar.org/handle/10568/68812,"Soy Division, Uasin Gishu County (Kenya)",33,18,51,0.5658,35.314,in report but unintelligible - eyeballed district on googl maps,84,50,  MIT,  MIT
"Wafula, S., Kirui, J. and Lukuyu, B. 2015. Characterization of the livestock production systems and the potential of feed-based interventions for improving livestock productivity in Kaptumo Division, Nandi South (Kenya). Nairobi: EADD Project.",Kenya,https://cgspace.cgiar.org/handle/10568/68816,"Kaptumo Division, Nandi South (Kenya)",33,17,50,0.0759955,35.0504761,in report,85,51,     ,MRH
"Abate, D., Tassew, B., Zeleke, A., Kedu, A. and Wamatu, J. 2014. Characterization of the farming and livestock production systems and the potential to enhance livestock productivity through improved feeding in Nake, Gasera District, Bale Highlands, Ethiopia. Nairobi, Kenya: International Livestock Research Institute.",Ethiopia,https://cgspace.cgiar.org/handle/10568/51607,"Nake, Gasera District, Bale Highlands",14,4,18,7.01667,40.38333,in report,86,52,  MRT,  MRT
"Tessema, F., Mulugeta, M., Mekonnen, A., Mengistu, S., Woldi, S., Abiso, T. and Wamatu, J. 2014. Characterization of the farming and livestock production systems and the potential to enhance livestock productivity through improved feeding in Upper Gana, Lemo Hadiya District, Ethiopia. Nairobi, Kenya: International Livestock Research Institute.",Ethiopia,https://cgspace.cgiar.org/handle/10568/51602,"Upper Gana, Lemo Hadiya District,",13,6,19,7.53194,37.68,https://cgspace.cgiar.org/handle/10568/59800,87,53,  MIT,  MIT
"Molla, G., Regassa, T., Lema, Z., Leta, G., Duncan, A.J. and Mekuriaw, Y. 2015. Assessment of livestock production systems, the potential of feed availability, farming system and livestock production problems in Fogera District, Amhara Region, Ethiopia. Nairobi, Kenya: ILRI.",Ethiopia,https://cgspace.cgiar.org/handle/10568/65087,"Fogera District, Amhara Region - Tach Abua", ,,15,11.978333,37.708611,in report,88,54,  MRA,  MRA
"Molla, G., Regassa, T., Lema, Z., Leta, G., Duncan, A.J. and Mekuriaw, Y. 2015. Assessment of livestock production systems, the potential of feed availability, farming system and livestock production problems in Fogera District, Amhara Region, Ethiopia. Nairobi, Kenya: ILRI.",Ethiopia,https://cgspace.cgiar.org/handle/10568/65087,"Fogera District, Amhara Region - Chabi",,,15,11.924444,37.880278,in report,89,54,  MIT,  MIT
"Molla, G., Regassa, T., Lema, Z., Leta, G., Duncan, A.J. and Mekuriaw, Y. 2015. Assessment of livestock production systems, the potential of feed availability, farming system and livestock production problems in Fogera District, Amhara Region, Ethiopia. Nairobi, Kenya: ILRI.",Ethiopia,https://cgspace.cgiar.org/handle/10568/65087,"Fogera District, Amhara Region - Timinda",,,15,11.919722,37.805,in report,90,54,  MIT,  MIT
"Wondatir, Z., Adie, A. and Duncan, A.J. 2015. Assessment of livestock production and feed resources at Robit Bata, Bahir Dar, Ethiopia. Nairobi, Kenya: ILRI.",Ethiopia,https://cgspace.cgiar.org/handle/10568/56988,"Robit Bata, Bahir Dar - Jimma Midir sub-village", ,,15,11.6719,37.459,From Aberra,91,55,     ,MRT
"Wondatir, Z., Adie, A. and Duncan, A.J. 2015. Assessment of livestock production and feed resources at Robit Bata, Bahir Dar, Ethiopia. Nairobi, Kenya: ILRI.",Ethiopia,https://cgspace.cgiar.org/handle/10568/56988,"Robit Bata, Bahir Dar - Terara Gichamintola sub-village", ,,15,11.7025,37.4537,From Aberra,92,55,     ,MRT
"Wondatir, Z., Adie, A. and Duncan, A.J. 2015. Assessment of livestock production and feed resources at Robit Bata, Bahir Dar, Ethiopia. Nairobi, Kenya: ILRI.",Ethiopia,https://cgspace.cgiar.org/handle/10568/56988,"Robit Bata, Bahir Dar - Deri Gedel sub-village", ,,15,11.68333,37.45,From Aberra,93,55,     ,MRT
"Duguma, G., Jembere, T., Degefa, K., Temesgen, W., Kumsa, A., Wamatu, J. and Duncan, A.J. 2012. Characterization of the farming and livestock production systems and the potential for enhancing livestock productivity through improved feeding in Horro district, Ethiopia. Nairobi, Kenya: International Livestock Research Institute.",Ethiopia,https://cgspace.cgiar.org/handle/10568/25077,"Horro district, Ethiopia - Oda Buluq", ,,15,9.63333,37.06667,in report,94,56,  MRT,  MRT
"Duguma, G., Jembere, T., Degefa, K., Temesgen, W., Kumsa, A., Wamatu, J. and Duncan, A.J. 2012. Characterization of the farming and livestock production systems and the potential for enhancing livestock productivity through improved feeding in Horro district, Ethiopia. Nairobi, Kenya: International Livestock Research Institute.",Ethiopia,https://cgspace.cgiar.org/handle/10568/25077,"Horro district, Ethiopia - Gitlo", ,,15,9.55,37.05,in report,95,56,  MRT,  MRT
"Duguma, G., Jembere, T., Degefa, K., Temesgen, W., Kumsa, A., Wamatu, J. and Duncan, A.J. 2012. Characterization of the farming and livestock production systems and the potential for enhancing livestock productivity through improved feeding in Horro district, Ethiopia. Nairobi, Kenya: International Livestock Research Institute.",Ethiopia,https://cgspace.cgiar.org/handle/10568/25077,"Horro district, Ethiopia - Lakku", ,,15,9.56667,37.05,in report,96,56,  MRT,  MRT
"Yami, M., Haimanot, T., Lemma, E., Begna, B., Etana, T., Wamatu, J. and Duncan, A.J. 2012. Characterization of the farming and livestock production systems and the potential for enhancing livestock productivity through improved feeding in Lemu-Bilbilo district, Arsi highlands, Ethiopia. Nairobi, Kenya: International Livestock Research Institute.",Ethiopia,https://cgspace.cgiar.org/handle/10568/25076,"Lemu-Bilbilo district, Arsi highlands", ,,25,7.533333,39.25,eyeballed from map in report,97,57,  MRT,  MRT
"Abate, D., Belete, S., Wegi, T., Usman, S., Wamatu, J. and Duncan, A.J. 2012. Characterization of the livestock production systems and the potential of feed-based interventions for improving livestock productivity in Sinana district, Bale highlands, Ethiopia. Nairobi, Kenya: International Livestock Research Institute.",Ethiopia,https://cgspace.cgiar.org/handle/10568/25078,"Sinana district, Bale highlands - Sambitu", ,,18,7.08333,40.55,From Aberra,98,58,  MRT,  MRT
"Abate, D., Belete, S., Wegi, T., Usman, S., Wamatu, J. and Duncan, A.J. 2012. Characterization of the livestock production systems and the potential of feed-based interventions for improving livestock productivity in Sinana district, Bale highlands, Ethiopia. Nairobi, Kenya: International Livestock Research Institute.",Ethiopia,https://cgspace.cgiar.org/handle/10568/25078,"Sinana district, Bale highlands - Selka", ,,18,7.03333,40.21667,From Aberra,99,58,  MRT,  MRT
"Abate, D., Belete, S., Wegi, T., Usman, S., Wamatu, J. and Duncan, A.J. 2012. Characterization of the livestock production systems and the potential of feed-based interventions for improving livestock productivity in Sinana district, Bale highlands, Ethiopia. Nairobi, Kenya: International Livestock Research Institute.",Ethiopia,https://cgspace.cgiar.org/handle/10568/25078,"Sinana district, Bale highlands - Walta’i Barisa",,,18,7.15,39.93333,in report,100,58,  MRT,  MRT
"Wamatu, J., Tucho, T.A., Tadesse, E., Abate, D., Debele, G., Semman, U., Kinati, W., Mulema, A.A. and Duncan, A.J. 2015. A gender perspective into the potential to enhance livestock productivity through improved feeding in Dodicha, Adami Tullu District, East Shewa, Ethiopia. Addis Ababa: ICARDA.",Ethiopia,https://cgspace.cgiar.org/handle/10568/72517,"Dodicha, Adami Tullu District - women", ,16,16,10.24,39.44,in report,101,59,  MRT,  MRT
"Wamatu, J., Tucho, T.A., Tadesse, E., Abate, D., Debele, G., Semman, U., Kinati, W., Mulema, A.A. and Duncan, A.J. 2015. A gender perspective into the potential to enhance livestock productivity through improved feeding in Dodicha, Adami Tullu District, East Shewa, Ethiopia. Addis Ababa: ICARDA.",Ethiopia,https://cgspace.cgiar.org/handle/10568/72517,"Dodicha, Adami Tullu District - men",21,,21,10.24,39.44,in report,102,59,  MRT,  MRT
"Wamatu, J., Tucho, T.A., Tadesse, E., Abate, D., Debele, G., Semman, U., Kinati, W., Mulema, A.A. and Duncan, A.J. 2015. A gender perspective into the potential to enhance livestock productivity through improved feeding in Haleku, Adami Tullu District, East Shewa, Ethiopia. Addis Ababa: ICARDA.",Ethiopia,https://cgspace.cgiar.org/handle/10568/72518,"Haleku, Adami Tullu District, East Shewa - men", ,10,10,10.26,39.64,in report,103,60,  MRT,  MRT
"Wamatu, J., Tucho, T.A., Tadesse, E., Abate, D., Debele, G., Semman, U., Kinati, W., Mulema, A.A. and Duncan, A.J. 2015. A gender perspective into the potential to enhance livestock productivity through improved feeding in Haleku, Adami Tullu District, East Shewa, Ethiopia. Addis Ababa: ICARDA.",Ethiopia,https://cgspace.cgiar.org/handle/10568/72518,"Haleku, Adami Tullu District, East Shewa - women",12,,12,10.26,39.64,in report,104,60,  MRT,  MRT
"Mekonnen, A., Mengistu, S., Woldi, S., Abiso, T., Tessema, F., Mulugeta, M. and Wamatu, J. 2014. Characterization of the farming and livestock production systems and the potential to enhance livestock productivity through improved feeding in Jawe, Lemo Hadiya District, Ethiopia. Nairobi, Kenya: International Livestock Research Institute.",Ethiopia,https://cgspace.cgiar.org/handle/10568/51610,"Jawe, Lemo Hadiya District",12,5,17,7.502367,37.802217,From Aberra,105,61,  MRT,  MRT
"Abate, D., Tassew, B., Zeleke, A., Kedu, A. and Wamatu, J. 2014. Characterization of the farming and livestock production systems and the potential to enhance livestock productivity through improved feeding in Ballo Aminga, Gasera District, Bale Highlands, Ethiopia. Nairobi, Kenya: International Livestock Research Institute and Ibadan, Nigeria: International Institute of Tropical Agriculture.",Ethiopia,https://cgspace.cgiar.org/handle/10568/51604,"Ballo Aminga, Gasera District, Bale Highlands",13,3,16,7.36667,40.2,From Aberra,106,62,  MRT,  MRT
"Abate, D., Tassew, B., Zeleke, A., Kedu, A. and Wamatu, J. 2014. Characterization of the farming and livestock production systems and the potential to enhance livestock productivity through improved feeding in Sinja, Goba District, Bale Highlands, Ethiopia. Nairobi, Kenya: International Livestock Research Institute.",Ethiopia,https://cgspace.cgiar.org/handle/10568/51603,"Sinja, Goba District, Bale Highlands",13,4,17,7.0408,39.9742,From Aberra,107,63,  MRT,  MRT
"Abate, D., Tassew, B., Zeleke, A., Kedu, A. and Wamatu, J. 2014. Characterization of the farming and livestock production systems and the potential to enhance livestock productivity through improved feeding in Waltai Elabdu, Agarfa District, Bale Highlands, Ethiopia. Nairobi, Kenya: International Livestock Research Institute.",Ethiopia,https://cgspace.cgiar.org/handle/10568/51608,"Waltai Elabdu, Agarfa District, Bale Highlands",15,5,20,7.2139,39.9244,From Aberra,108,64,  MRT,  MRT
"Abate, D., Tassew, B., Zeleke, A., Kedu, A. and Wamatu, J. 2014. Characterization of the farming and livestock production systems and the potential to enhance livestock productivity through improved feeding in ChefeMana, Goro District, Bale Highlands, Ethiopia. Nairobi, Kenya: International Livestock Research Institute.",Ethiopia,https://cgspace.cgiar.org/handle/10568/51629,"ChefeMana, Goro District, Bale Highlands",12,8,20,7.016,40.392,From Aberra,109,65,  MRT,  MRT
"Abate, D., Tassew, B., Zeleke, A., Kedu, A. and Wamatu, J. 2014. Characterization of the farming and livestock production systems and the potential to enhance livestock productivity through improved feeding in Dayu Abergada, Goro District, Bale Highlands, Ethiopia. Nairobi, Kenya: International Livestock Research Institute.",Ethiopia,https://cgspace.cgiar.org/handle/10568/51616,"Dayu Abergada, Goro District, Bale Highlands",14,6,20,7.0163,40.3549,From Aberra,110,66,  MRT,  MRT
"Hagos, T., Tesfay, T., Wayu, S., Atsbha, T., Yikaalo, T., Zeberh, T., Teshale, T., Ebrahim, M. and Wamatu, J. 2014. Characterization of the farming and livestock production systems and the potential to enhance livestock productivity through improved feeding in EnbaHasti, EndaMehoni District, Ethiopia. Nairobi, Kenya: International Livestock Research Institute.",Ethiopia,https://cgspace.cgiar.org/handle/10568/51617,"EnbaHasti, EndaMehoni District",11,9,20,12.83333,39.55,From Aberra,111,67,  MRT,  MRT
"Abate, D., Tassew, B., Zeleke, A., Kedu, A. and Wamatu, J. 2014. Characterization of the farming and livestock production systems and the potential to enhance livestock productivity through improved feeding in Illani, Agarfa District, Bale Highlands, Ethiopia. Nairobi, Kenya: International Livestock Research Institute.",Ethiopia,https://cgspace.cgiar.org/handle/10568/51611,"Illani, Agarfa District, Bale Highlands",17,4,21,7.26381,39.86081,in report,112,68,  MRT,  MRT
"York, L. 2010. Characterisation of the livestock production system and the potential of feed-based interventions in the municipality of Ratnanagar and Gitanagar in the Chitwan district of southern Nepal, September 2010. Nairobi, Kenya: ILRI.",Nepal,https://cgspace.cgiar.org/handle/10568/16532,Ratnanagar in the Chitwan district,13,5,18,27.59787,84.50526,in report,113,69,  URB,MRH
"York, L. 2010. Characterisation of the livestock production system and the potential of feed-based interventions in the municipality of Ratnanagar and Gitanagar in the Chitwan district of southern Nepal, September 2010. Nairobi, Kenya: ILRI.",Nepal,https://cgspace.cgiar.org/handle/10568/16532,Gitanagar in the Chitwan district,26,4,30,27.62196,84.4083,in report,114,69,  MIH,  MIH
"York, L. 2010. Characterisation of the livestock production system and the potential of feed-based interventions for improving livestock productivity in Monomothpur and Khairpara village, in the Dinajpur district of northern Bangladesh, September 2010. Nairobi, Kenya: ILRI.",Bangladesh,https://cgspace.cgiar.org/handle/10568/16528,"Khairpara village, in the Dinajpur district",8,18,26,25.65601,88.86491,in report,115,70,  MIH,  MIH
"York, L. 2010. Characterisation of the livestock production system and the potential of feed-based interventions for improving livestock productivity in Monomothpur and Khairpara village, in the Dinajpur district of northern Bangladesh, September 2010. Nairobi, Kenya: ILRI.",Bangladesh,https://cgspace.cgiar.org/handle/10568/16528,"Monomothpur village, in the Dinajpur district",4,20,24,25.65601,88.86491,in report,116,70,  MIH,  MIH
"Muyekho F.N., Lukuyu, B. and Duncan, A.J. 2014. Characterization of the livestock production systems and potential to enhance dairy productivity through improved feeding in sub-humid western Kenya. Nairobi: ILRI.",Kenya,https://cgspace.cgiar.org/handle/10568/64946,Kisumu West sub-county  - Western Kenya - Kisumu Central ward ,14,6,20,0.0516,34.6992,Eyeballed from google maps search on Central Kisumu,117,71,  MRH,  MRH
"Muyekho F.N., Lukuyu, B. and Duncan, A.J. 2014. Characterization of the livestock production systems and potential to enhance dairy productivity through improved feeding in sub-humid western Kenya. Nairobi: ILRI.",Kenya,https://cgspace.cgiar.org/handle/10568/64946,Matayos sub-county - Western Kenya - Lwang’a,10,15,25,0.3625,34.1685,Eyeballed from google maps search on Matayos,118,71,  MRH,  MRH
"Muyekho F.N., Lukuyu, B. and Duncan, A.J. 2014. Characterization of the livestock production systems and potential to enhance dairy productivity through improved feeding in sub-humid western Kenya. Nairobi: ILRI.",Kenya,https://cgspace.cgiar.org/handle/10568/64946,Sabatia sub-county - Western Kenya - Chavakali,15,12,27,0.1168,34.7321,Eyeballed from google maps search on chavakali,119,71,  MRT,  MRT
"Muyekho F.N., Lukuyu, B. and Duncan, A.J. 2014. Characterization of the livestock production systems and potential to enhance dairy productivity through improved feeding in sub-humid western Kenya. Nairobi: ILRI.",Kenya,https://cgspace.cgiar.org/handle/10568/64946,Sabatia sub-county - Western Kenya - Wodanga,20,15,35,0.106,34.7934,Eyeballed from google maps search on Wodanga,120,71,  MRT,  MRT
"Muyekho F.N., Lukuyu, B. and Duncan, A.J. 2014. Characterization of the livestock production systems and potential to enhance dairy productivity through improved feeding in sub-humid western Kenya. Nairobi: ILRI.",Kenya,https://cgspace.cgiar.org/handle/10568/64946,Marani sub-county - Western Kenya - Mwagichana ward,14,6,20,-0.578,34.7978,Eyeballed from google maps search on Marani,121,71,  MRT,  MRT
"Muyekho F.N., Lukuyu, B. and Duncan, A.J. 2014. Characterization of the livestock production systems and potential to enhance dairy productivity through improved feeding in sub-humid western Kenya. Nairobi: ILRI.",Kenya,https://cgspace.cgiar.org/handle/10568/64946,Matayos sub-county - Western Kenya - Nasewa,16,9,25,0.3918,34.2323,Eyeballed from google maps search on Nasewa,122,71,  MRH,  MRH
"Muyekho F.N., Lukuyu, B. and Duncan, A.J. 2014. Characterization of the livestock production systems and potential to enhance dairy productivity through improved feeding in sub-humid western Kenya. Nairobi: ILRI.",Kenya,https://cgspace.cgiar.org/handle/10568/64946,Kisumu West sub-county  - Western Kenya - North West Kisumu ward ,9,15,24,-0.0183,34.5945,Eyeballed from google maps search on Sunga,123,71,  MRH,  MRH
"Muyekho F.N., Lukuyu, B. and Duncan, A.J. 2014. Characterization of the livestock production systems and potential to enhance dairy productivity through improved feeding in sub-humid western Kenya. Nairobi: ILRI.",Kenya,https://cgspace.cgiar.org/handle/10568/64946,Matayos sub-county - Western Kenya - Burumba ,9,9,18,0.4615,34.1227,Eyeballed from google maps search on Burumba,124,71,  MRH,  MRH
"Muyekho F.N., Lukuyu, B. and Duncan, A.J. 2014. Characterization of the livestock production systems and potential to enhance dairy productivity through improved feeding in sub-humid western Kenya. Nairobi: ILRI.",Kenya,https://cgspace.cgiar.org/handle/10568/64946,Marani sub-county - Western Kenya -  Sensi ward,13,7,20,-0.5977,34.8255,Eyeballed from google maps search on Sensi,125,71,  MRT,  MRT
"Maass, B.L., Lukuyu, B., Fakih, A.O., Suleiman, H., Khatib, S., Wassena, F.J. and Bacigale, S. 2013. Assessing the dairy value chain and potential to enhance productivity through improved feeding in Pemba Island of Zanzibar, the United Republic of Tanzania. Nairobi, Kenya: CIAT.",Tanzania,https://cgspace.cgiar.org/handle/10568/51748,Pemba Island of Zanzibar - Mkoani,16,5,21,-5.3594,39.6508,Eyeballed from google maps search on Mkoani,126,72,     ,MRH
"Maass, B.L., Lukuyu, B., Fakih, A.O., Suleiman, H., Khatib, S., Wassena, F.J. and Bacigale, S. 2013. Assessing the dairy value chain and potential to enhance productivity through improved feeding in Pemba Island of Zanzibar, the United Republic of Tanzania. Nairobi, Kenya: CIAT.",Tanzania,https://cgspace.cgiar.org/handle/10568/51748,Pemba Island of Zanzibar - Wete,13,3,16,-5.0573,39.7315,Eyeballed from google maps search on Wete,127,72,  OTH,MRH
"Maass, B.L., Lukuyu, B., Fakih, A.O., Suleiman, H., Khatib, S., Wassena, F.J. and Bacigale, S. 2013. Assessing the dairy value chain and potential to enhance productivity through improved feeding in Pemba Island of Zanzibar, the United Republic of Tanzania. Nairobi, Kenya: CIAT.",Tanzania,https://cgspace.cgiar.org/handle/10568/51748,Pemba Island of Zanzibar - Chake Chake,16,5,21,-5.2501,39.7788,Eyeballed from google maps search on Chake Chake,128,72,     ,MRH
"Konlan, S.P., Ayantunde, A.A., Dei, H.K. and Avornyo, F.K. 2014. Evaluation of existing and potential feed resources for ruminant production in northern Ghana. Nairobi, Kenya: International Livestock Research Institute.",Ghana,https://cgspace.cgiar.org/handle/10568/42338,Ghana - Upper East - Kasena Nankana/ Gia,12,6,18,10.9,-1.19,eyeballed roughly from Google Maps,129,73,  MRA,  MRA
"Konlan, S.P., Ayantunde, A.A., Dei, H.K. and Avornyo, F.K. 2014. Evaluation of existing and potential feed resources for ruminant production in northern Ghana. Nairobi, Kenya: International Livestock Research Institute.",Ghana,https://cgspace.cgiar.org/handle/10568/42338,Ghana - Northern - Savelugu/Tibali,12,6,18,9.61,-0.82,eyeballed roughly from Google Maps,130,73,  MRH,  MRH
"Konlan, S.P., Ayantunde, A.A., Dei, H.K. and Avornyo, F.K. 2014. Evaluation of existing and potential feed resources for ruminant production in northern Ghana. Nairobi, Kenya: International Livestock Research Institute.",Ghana,https://cgspace.cgiar.org/handle/10568/42338,Ghana - Northern - Tolon/ Tingoli,12,6,18,9.34,-1.04,eyeballed roughly from Google Maps,131,73,  MRH,  MRH
"Konlan, S.P., Ayantunde, A.A., Dei, H.K. and Avornyo, F.K. 2014. Evaluation of existing and potential feed resources for ruminant production in northern Ghana. Nairobi, Kenya: International Livestock Research Institute.",Ghana,https://cgspace.cgiar.org/handle/10568/42338,Ghana - Upper West - Nadowli/Papu,12,6,18,10.37,-2.67,eyeballed roughly from Google Maps,132,73,  LGA,  LGA
"Konlan, S.P., Ayantunde, A.A., Dei, H.K. and Avornyo, F.K. 2014. Evaluation of existing and potential feed resources for ruminant production in northern Ghana. Nairobi, Kenya: International Livestock Research Institute.",Ghana,https://cgspace.cgiar.org/handle/10568/42338,Ghana - Upper West - Wa West/ Guo,12,6,18,9.95,-2.64,eyeballed roughly from Google Maps,133,73,  MRA,  MRA
"Konlan, S.P., Ayantunde, A.A., Dei, H.K. and Avornyo, F.K. 2014. Evaluation of existing and potential feed resources for ruminant production in northern Ghana. Nairobi, Kenya: International Livestock Research Institute.",Ghana,https://cgspace.cgiar.org/handle/10568/42338,Ghana - Upper East - Kasena Nankana /Bonia ,12,6,18,10.9,-1.13,eyeballed roughly from Google Maps,134,73,  MRA,  MRA
"Umutoni, C. and Ayantunde, A.A. 2014. Evaluation of feed resources in mixed crop-livestock systems in the Sudano-Sahelian zone of Mali. Nairobi, Kenya: International Livestock Research Institute.",Mali,https://cgspace.cgiar.org/handle/10568/42337,Sudano-Sahelian zone of Mali - Bougouni - Sibilira,10,5,15,11.44,-7.76,in report,135,74,  LGA,  LGA
"Umutoni, C. and Ayantunde, A.A. 2014. Evaluation of feed resources in mixed crop-livestock systems in the Sudano-Sahelian zone of Mali. Nairobi, Kenya: International Livestock Research Institute.",Mali,https://cgspace.cgiar.org/handle/10568/42337,Sudano-Sahelian zone of Mali - Koutiali - Zanzoni,10,5,15,12.61,-5.57,in report,136,74,  MRA,  MRA
"Umutoni, C. and Ayantunde, A.A. 2014. Evaluation of feed resources in mixed crop-livestock systems in the Sudano-Sahelian zone of Mali. Nairobi, Kenya: International Livestock Research Institute.",Mali,https://cgspace.cgiar.org/handle/10568/42337,Sudano-Sahelian zone of Mali - Koutiali - Sirakele,10,5,15,12.51,-5.48,in report,137,74,  MRA,  MRA
"Umutoni, C. and Ayantunde, A.A. 2014. Evaluation of feed resources in mixed crop-livestock systems in the Sudano-Sahelian zone of Mali. Nairobi, Kenya: International Livestock Research Institute.",Mali,https://cgspace.cgiar.org/handle/10568/42337,Sudano-Sahelian zone of Mali - Bougouni - Dieba,10,5,15,10.91,-8,in report,138,74,  LGA,  LGA
"Umutoni, C. and Ayantunde, A.A. 2014. Evaluation of feed resources in mixed crop-livestock systems in the Sudano-Sahelian zone of Mali. Nairobi, Kenya: International Livestock Research Institute.",Mali,https://cgspace.cgiar.org/handle/10568/42337,Sudano-Sahelian zone of Mali - Bougouni - Yorobougoula,10,5,15,11.52,-7.91,in report,139,74,  MRA,  MRA
"Umutoni, C. and Ayantunde, A.A. 2014. Evaluation of feed resources in mixed crop-livestock systems in the Sudano-Sahelian zone of Mali. Nairobi, Kenya: International Livestock Research Institute.",Mali,https://cgspace.cgiar.org/handle/10568/42337,Sudano-Sahelian zone of Mali - Koutiali - Nampossela,10,5,15,12.33,-5.34,in report,140,74,  MRA,  MRA
"Ayantunde, A., Boubacar, H.A., Adamou, K., Adamou, K., Moumini, O. and Umutoni, C. 2019. Evaluation of feed resources in the mixed crop-livestock systems of the Sahelian zone in Burkina Faso and Niger. Nairobi, Kenya: ILRI.",Burkina Faso,https://cgspace.cgiar.org/handle/10568/105638,Sahelian zone - Dori,14,6,20,14.03462,-0.0314,in report,141,75,  URB,LGA
"Ayantunde, A., Boubacar, H.A., Adamou, K., Adamou, K., Moumini, O. and Umutoni, C. 2019. Evaluation of feed resources in the mixed crop-livestock systems of the Sahelian zone in Burkina Faso and Niger. Nairobi, Kenya: ILRI.",Burkina Faso,https://cgspace.cgiar.org/handle/10568/105638,Sahelian zone - Kaya,14,6,20,13.09174,-1.08737,in report,142,75,  MRA,  MRA
"Ayantunde, A., Boubacar, H.A., Adamou, K., Adamou, K., Moumini, O. and Umutoni, C. 2019. Evaluation of feed resources in the mixed crop-livestock systems of the Sahelian zone in Burkina Faso and Niger. Nairobi, Kenya: ILRI.",Niger,https://cgspace.cgiar.org/handle/10568/105638,Sahelian zone - Torodi,14,6,20,13.12,1.8,eyeballed roughly from Google Maps,143,75,  LGA,  LGA
"Ayantunde, A., Boubacar, H.A., Adamou, K., Adamou, K., Moumini, O. and Umutoni, C. 2019. Evaluation of feed resources in the mixed crop-livestock systems of the Sahelian zone in Burkina Faso and Niger. Nairobi, Kenya: ILRI.",Niger,https://cgspace.cgiar.org/handle/10568/105638,Sahelian zone - Maradi,14,6,20,13.5,7.1,eyeballed roughly from Google Maps,144,75,  MRA,  MRA
